Titre,Prix,URL Image,Chemin Local Image
￥99 wanban-25/26 Aston Villa Away S-4XL,99.00,https://photo.yupoo.com/3125tiger/fb12a5925e/medium.jpg,images/99-wanban-25-26-aston-villa-away-s-4xl.jpg
￥99 wanban-Retro Tottenham 95/97 Away S-XXL,99.00,https://photo.yupoo.com/3125tiger/e9f168d906/small.jpg,images/99-wanban-retro-tottenham-95-97-away-s-xxl.jpg
￥99 wanban-Retro Tottenham 09/10 Home S-XXL,99.00,https://photo.yupoo.com/3125tiger/16f5f342a1/small.jpg,images/99-wanban-retro-tottenham-09-10-home-s-xxl.jpg
￥99 wanban-Retro Manchester City 19/20 Home S-XXL,99.00,https://photo.yupoo.com/3125tiger/65a60f035d/small.jpg,images/99-wanban-retro-manchester-city-19-20-home-s-xxl.jpg
￥99 wanban-Retro Arsenal 11/12 Away S-XXL,99.00,https://photo.yupoo.com/3125tiger/2003cdce8c/small.jpg,images/99-wanban-retro-arsenal-11-12-away-s-xxl.jpg
￥99 wanban-Retro M-U 19/20 Away S-XXL,99.00,https://photo.yupoo.com/3125tiger/524535ad06/small.jpg,images/99-wanban-retro-m-u-19-20-away-s-xxl.jpg
￥138 wanban-Retro Long Sleeve M-U 13/14 Black S-XXL,138.00,https://photo.yupoo.com/3125tiger/ebfe7da40a/small.jpg,images/138-wanban-retro-long-sleeve-m-u-13-14-black-s-xxl.jpg
￥138 wanban-Retro Long Sleeve M-U 92/94 Home S-XXL,138.00,https://photo.yupoo.com/3125tiger/363479add2/small.jpg,images/138-wanban-retro-long-sleeve-m-u-92-94-home-s-xxl.jpg
￥138 wanban-Retro Long Sleeve M-U 13/14 Home S-XXL,138.00,https://photo.yupoo.com/3125tiger/82839f0111/small.jpg,images/138-wanban-retro-long-sleeve-m-u-13-14-home-s-xxl.jpg
¥320 ayun-660514184 夹克外套 S-XL,320.00,https://photo.yupoo.com/3125tiger/6d8869c4fa/small.jpg,images/320-ayun-660514184-s-xl.jpg
￥99 wanban-Retro Arsenal 14/15 Home S-XXL,99.00,https://photo.yupoo.com/3125tiger/f9709f25da/small.jpg,images/99-wanban-retro-arsenal-14-15-home-s-xxl.jpg
￥99 wanban-Retro 05/06 Newcastle United Away S-XXL,99.00,https://photo.yupoo.com/3125tiger/9842904d7a/small.jpg,images/99-wanban-retro-05-06-newcastle-united-away-s-xxl.jpg
￥99 wanban-Retro Tottenham 97/99 Home S-XXL,99.00,https://photo.yupoo.com/3125tiger/c335e96213/small.jpg,images/99-wanban-retro-tottenham-97-99-home-s-xxl.jpg
¥350 1+660514183 休闲西裤 44  46  48,350.00,https://photo.yupoo.com/3125tiger/8a1dac40b2/small.jpg,images/350-1-660514183-44-46-48.jpg
¥240 1+660514182 印花短袖 XS-L,240.00,https://photo.yupoo.com/3125tiger/a3f5ab6155/small.jpg,images/240-1-660514182-xs-l.jpg
￥99 wanban-Retro Manchester City 13/14 Home S-XXL,99.00,https://photo.yupoo.com/3125tiger/fe345ca781/small.jpg,images/99-wanban-retro-manchester-city-13-14-home-s-xxl.jpg
￥99 wanban-Retro Manchester City 13/14 Third Away S-XXL,99.00,https://photo.yupoo.com/3125tiger/f2a775702b/small.jpg,images/99-wanban-retro-manchester-city-13-14-third-away-s-xxl.jpg
￥138 wanban-Retro M-U 08/09 Champions League Away Edition S-XXL,138.00,https://photo.yupoo.com/3125tiger/1f93b0a995/small.jpg,images/138-wanban-retro-m-u-08-09-champions-league-away-edition-s-xxl.jpg
￥99 wanban-Retro Arsenal 07/08 Away S-XXL,99.00,https://photo.yupoo.com/3125tiger/f1662509a5/small.jpg,images/99-wanban-retro-arsenal-07-08-away-s-xxl.jpg
￥99 wanban-Retro M-U 10/11 Home S-XXL,99.00,https://photo.yupoo.com/3125tiger/c1ef85babc/small.jpg,images/99-wanban-retro-m-u-10-11-home-s-xxl.jpg
¥115 jieyu-660514181 印花短袖 S-XL,115.00,https://photo.yupoo.com/3125tiger/85301cb800/small.jpg,images/115-jieyu-660514181-s-xl.jpg
￥99 wanban-Retro Arsenal 04/05 Away S-XXL,99.00,https://photo.yupoo.com/3125tiger/2e36ae7f35/small.jpg,images/99-wanban-retro-arsenal-04-05-away-s-xxl.jpg
￥99 wanban-Retro Chelsea 06/07 home S-XXL,99.00,https://photo.yupoo.com/3125tiger/e5c22b871c/small.jpg,images/99-wanban-retro-chelsea-06-07-home-s-xxl.jpg
¥168外套 ¥158裤子 Nanyi-660514179 外套/裤子套装 M-2XL,168.00,https://photo.yupoo.com/3125tiger/5e8e244589/small.jpg,images/168-158-nanyi-660514179-m-2xl.jpg
¥168外套 ¥158裤子 Nanyi-660514178 外套/裤子套装 M-2XL,168.00,https://photo.yupoo.com/3125tiger/e820a0e554/small.jpg,images/168-158-nanyi-660514178-m-2xl.jpg
¥99 JunJun-660514176 短袖T恤 S-2XL,99.00,https://photo.yupoo.com/3125tiger/eaee88c477/small.jpg,images/99-junjun-660514176-t-s-2xl.jpg
¥99 JunJun-660514175 短袖T恤 S-2XL,99.00,https://photo.yupoo.com/3125tiger/41ec3ce82d/small.jpg,images/99-junjun-660514175-t-s-2xl.jpg
¥125 JunJun-660514174 运动短裤 M-2XL,125.00,https://photo.yupoo.com/3125tiger/82ce851751/small.jpg,images/125-junjun-660514174-m-2xl.jpg
¥180 6shu-660514171 印花短袖衬衫 S-XL,180.00,https://photo.yupoo.com/3125tiger/366aa665d2/small.jpg,images/180-6shu-660514171-s-xl.jpg
¥245 6shu-660514170 休闲长裤 M-XXXL,245.00,https://photo.yupoo.com/3125tiger/06d943d587/small.jpg,images/245-6shu-660514170-m-xxxl.jpg
¥148 6shu-660514170 短袖T恤 M-XXXL,148.00,https://photo.yupoo.com/3125tiger/b2abe8bf1f/small.jpg,images/148-6shu-660514170-t-m-xxxl.jpg
¥310 1+660514169 五分裤短裤 S-XL,310.00,https://photo.yupoo.com/3125tiger/a895e8b4db/small.jpg,
¥235 1+660514168 短袖Polo衫 S-XL,235.00,https://photo.yupoo.com/3125tiger/04599ec97a/small.jpg,
¥320 1+660514167  牛仔裤 29 30 31 32 33,320.00,https://photo.yupoo.com/3125tiger/d15e85365d/small.jpg,
¥158 1+660514166 短袖Polo衫 S-XL,158.00,https://photo.yupoo.com/3125tiger/d3996edbf9/small.jpg,images/158-1-660514166-polo-s-xl.jpg
¥168 ayun-660514165 休闲短裤 S-XL,168.00,https://photo.yupoo.com/3125tiger/65fbaf93f2/small.jpg,images/168-ayun-660514165-s-xl.jpg
￥210 AF-1380-艺术印花短袖T恤,210.00,https://photo.yupoo.com/3125tiger/ee61c61907/small.jpg,
￥205 AF-1379-蜜蜂印花短袖T恤,205.00,https://photo.yupoo.com/3125tiger/df5824ca4b/small.jpg,images/205-af-1379-t.jpg
￥210 AF-1378-刺绣口袋短袖T恤,210.00,https://photo.yupoo.com/3125tiger/51880d11ff/small.jpg,images/210-af-1378-t.jpg
¥190 yicheng-660514164 洞洞凉鞋,190.00,https://photo.yupoo.com/3125tiger/8472eda78e/small.jpg,images/190-yicheng-660514164.jpg
¥185 yicheng-660514163 洞洞凉鞋,185.00,https://photo.yupoo.com/3125tiger/9b61813135/small.jpg,images/185-yicheng-660514163.jpg
￥249 AF-1376-紧腰休闲短裤,249.00,https://photo.yupoo.com/3125tiger/553697369b/small.jpg,images/249-af-1376.jpg
￥399 AF-1375-做旧植绒阔腿牛仔裤,399.00,https://photo.yupoo.com/3125tiger/f47728c1d0/small.jpg,images/399-af-1375.jpg
¥260 yicheng-660514162 休闲鞋 36-45码,260.00,https://photo.yupoo.com/3125tiger/ef0414178c/small.jpg,images/260-yicheng-660514162-36-45.jpg
￥225 AF-1374-复古撞色细条纹短袖T恤,225.00,https://photo.yupoo.com/3125tiger/04a23ad49e/small.jpg,images/225-af-1374-t.jpg
￥249 AF-1373-复古条纹V领针织马甲,249.00,https://photo.yupoo.com/3125tiger/de46cfd2f0/small.jpg,images/249-af-1373-v.jpg
￥220 AF-1371-复古镜框刺绣短袖T恤,220.00,https://photo.yupoo.com/3125tiger/debe03a131/small.jpg,images/220-af-1371-t.jpg
￥265 AF-1370-插肩袖刺绣长袖T恤,265.00,https://photo.yupoo.com/3125tiger/ef543631e2/small.jpg,images/265-af-1370-t.jpg
￥299 AF-1369-侧边织带束脚休闲裤,299.00,https://photo.yupoo.com/3125tiger/87199b6ad4/small.jpg,images/299-af-1369.jpg
¥380 yicheng-660514161 运动鞋 36-45码,380.00,https://photo.yupoo.com/3125tiger/0db3929afd/small.jpg,images/380-yicheng-660514161-36-45.jpg
￥210 AF-1368-青花瓷花鸟印花短袖T恤,210.00,https://photo.yupoo.com/3125tiger/3bdf7ac42d/small.jpg,images/210-af-1368-t.jpg
￥599 AF-1365-珍珠胸针装饰休闲西装外套,599.00,https://photo.yupoo.com/3125tiger/85be8414be/small.jpg,images/599-af-1365.jpg
￥448 AF-1364-商务休闲西裤,448.00,https://photo.yupoo.com/3125tiger/74cd2e04b2/small.jpg,images/448-af-1364.jpg
￥299 AF-1363-假两件拼接长袖衬衫,299.00,https://photo.yupoo.com/3125tiger/d75b5ae081/small.jpg,images/299-af-1363.jpg
￥235 AF-1362-复古建筑印花做旧短袖T恤,235.00,https://photo.yupoo.com/3125tiger/d539a787be/small.jpg,images/235-af-1362-t.jpg
¥480 yicheng-660514160 吊坠拖鞋 35-41码,480.00,https://photo.yupoo.com/3125tiger/95974faec6/small.jpg,images/480-yicheng-660514160-35-41.jpg
￥308 AF-1361-刺绣棒球领短袖衬衫,308.00,https://photo.yupoo.com/3125tiger/73c197d0eb/small.jpg,images/308-af-1361.jpg
¥650 yicheng-660514159 休闲老爹鞋 36-46码,650.00,https://photo.yupoo.com/3125tiger/ffbba53f4c/small.jpg,images/650-yicheng-660514159-36-46.jpg
￥230 AF-1360-印花复古短袖T恤,230.00,https://photo.yupoo.com/3125tiger/b710912a9e/small.jpg,images/230-af-1360-t.jpg
￥280 AF-1359-运动标识休闲短裤,280.00,https://photo.yupoo.com/3125tiger/eb11b9f98d/small.jpg,images/280-af-1359.jpg
￥215 AF-1358-刺绣休闲短袖T恤,215.00,https://photo.yupoo.com/3125tiger/4af24355af/small.jpg,images/215-af-1358-t.jpg
¥750 yicheng-660514158 休闲运动鞋 35-44码,750.00,https://photo.yupoo.com/3125tiger/59d6ee454a/small.jpg,images/750-yicheng-660514158-35-44.jpg
￥220 AF-1357-刺绣标识短袖T恤,220.00,https://photo.yupoo.com/3125tiger/a409d92142/small.jpg,images/220-af-1357-t.jpg
￥249 AF-1356-海洋花卉印花长袖衬衫,249.00,https://photo.yupoo.com/3125tiger/8022f25d43/small.jpg,images/249-af-1356.jpg
￥215 AF-1355-字母标识刺绣短袖T恤,215.00,https://photo.yupoo.com/3125tiger/fb9db2d52c/small.jpg,images/215-af-1355-t.jpg
¥360 yicheng-660514157 运动鞋 36-45码,360.00,https://photo.yupoo.com/3125tiger/92ba855f5c/small.jpg,images/360-yicheng-660514157-36-45.jpg
¥580 yicheng-660514156 乐福豆豆鞋 35-39码,580.00,https://photo.yupoo.com/3125tiger/85f4e1afed/small.jpg,
¥320 404-660514154 机能短裤 M-XXL,320.00,https://photo.yupoo.com/3125tiger/ce10189071/small.jpg,images/320-404-660514154-m-xxl.jpg
¥320 404-660514153 机能马甲 均码,320.00,https://photo.yupoo.com/3125tiger/0dbcc0147d/small.jpg,
¥215 404-660514152 短袖Polo衫 S-XXL,215.00,https://photo.yupoo.com/3125tiger/00ac194dcd/small.jpg,
¥238 ayun-660514151 夹克S-XL,238.00,https://photo.yupoo.com/3125tiger/c667aa9bf6/small.jpg,
¥138 ayun-660514150 短袖T恤 S-XL,138.00,https://photo.yupoo.com/3125tiger/8623c74987/small.jpg,images/138-ayun-660514150-t-s-xl.jpg
¥245 ayun-660514149 短袖T恤 S-XL,245.00,https://photo.yupoo.com/3125tiger/4c1d18e4c9/small.jpg,
¥185 ayun-660514148 短袖T恤 S-XL,185.00,https://photo.yupoo.com/3125tiger/f06b7a0bd2/small.jpg,images/185-ayun-660514148-t-s-xl.jpg
￥220 AF-1354-短款短袖T恤,220.00,https://photo.yupoo.com/3125tiger/2124ed60e6/small.jpg,images/220-af-1354-t.jpg
￥220 AF-1353-竖排烫标修身短袖T恤,220.00,https://photo.yupoo.com/3125tiger/90c20f7610/small.jpg,images/220-af-1353-t.jpg
￥148/158 66052339 AMG衣服裤子，S-XXL,148.00,https://photo.yupoo.com/3125tiger/04804fa436/small.jpg,images/148-158-66052339-amg-s-xxl.jpg
￥148/158 66052338 AMG衣服裤子，S-XXL,148.00,https://photo.yupoo.com/3125tiger/be493b757c/small.jpg,images/148-158-66052338-amg-s-xxl.jpg
￥158/178 66052337 AMG休闲运动外套长裤，M-XXL,158.00,https://photo.yupoo.com/3125tiger/7e79cf574f/small.jpg,images/158-178-66052337-amg-m-xxl.jpg
￥138 Retro Long sleeve Chelsea 06/07 home S-XXL,138.00,https://photo.yupoo.com/3125tiger/5229bc9b3e/small.jpg,images/138-retro-long-sleeve-chelsea-06-07-home-s-xxl.jpg
￥138 66052336 tianchengzuo短袖T恤，S-XL,138.00,https://photo.yupoo.com/3125tiger/0a17f406d3/small.jpg,images/138-66052336-tianchengzuo-t-s-xl.jpg
￥148 66052335 tianchengzuo休闲短裤，S-XL,148.00,https://photo.yupoo.com/3125tiger/981eb94dfa/small.jpg,images/148-66052335-tianchengzuo-s-xl.jpg
￥148 66052334 HS短袖T恤，XS-L,148.00,https://photo.yupoo.com/3125tiger/00952e006b/small.jpg,images/148-66052334-hs-t-xs-l.jpg
￥99 wanban-Retro Chelsea 11/12 third away S-XXL,99.00,https://photo.yupoo.com/3125tiger/7f9eb6356f/small.jpg,images/99-wanban-retro-chelsea-11-12-third-away-s-xxl.jpg
￥148 66052333 HS短袖T恤，XS-L,148.00,https://photo.yupoo.com/3125tiger/c774d104d7/small.jpg,images/148-66052333-hs-t-xs-l.jpg
￥138 66052332 miusi短袖T恤，S-XL,138.00,https://photo.yupoo.com/3125tiger/54b042a5f7/small.jpg,images/138-66052332-miusi-t-s-xl.jpg
￥138 66052331 miusi短袖T恤，S-XL,138.00,https://photo.yupoo.com/3125tiger/7582ffe1f6/small.jpg,images/138-66052331-miusi-t-s-xl.jpg
￥158 66052330 miusi长袖T恤，S-XL,158.00,https://photo.yupoo.com/3125tiger/f1ee93c422/small.jpg,images/158-66052330-miusi-t-s-xl.jpg
￥138 66052329 miusi短袖连体衣，S-L,138.00,https://photo.yupoo.com/3125tiger/f6437dcdc2/small.jpg,images/138-66052329-miusi-s-l.jpg
￥138 66052328 miusi短袖T恤，S-XL,138.00,https://photo.yupoo.com/3125tiger/1dff2f9be8/small.jpg,images/138-66052328-miusi-t-s-xl.jpg
￥99 wanban-Retro 18/19 M-U home S-XXL,99.00,https://photo.yupoo.com/3125tiger/f1ed4f2164/small.jpg,images/99-wanban-retro-18-19-m-u-home-s-xxl.jpg
￥99  wanban-Retro M-U 00/01 away S-XXL,99.00,https://photo.yupoo.com/3125tiger/71ccaed089/small.jpg,images/99-wanban-retro-m-u-00-01-away-s-xxl.jpg
￥230 zhenhui-Nike Air Force 1'07 Low 马年限定 空军一号低帮休闲板鞋,230.00,https://photo.yupoo.com/3125tiger/51f6866640/small.jpg,images/230-zhenhui-nike-air-force-1-07-low.jpg
￥99 wanban-25/26 Chelsea third away S-4XL,99.00,https://photo.yupoo.com/3125tiger/5234e6f67f/small.jpg,images/99-wanban-25-26-chelsea-third-away-s-4xl.jpg
￥99 wanban-Retro 98/99 M-U Black S-XXL,99.00,https://photo.yupoo.com/3125tiger/27d812e983/small.jpg,images/99-wanban-retro-98-99-m-u-black-s-xxl.jpg
￥168 66052322 bozai短袖POLO衫，S-XXL,168.00,https://photo.yupoo.com/3125tiger/f6fcf51cf4/small.jpg,images/168-66052322-bozai-polo-s-xxl.jpg
￥99 wanban-Retro Southampton 15/16 Home S-XXL,99.00,https://photo.yupoo.com/3125tiger/9b4f204458/small.jpg,images/99-wanban-retro-southampton-15-16-home-s-xxl.jpg
￥178 66052321 bozai运动长裤，M-3XL,178.00,https://photo.yupoo.com/3125tiger/4410ff11a8/small.jpg,images/178-66052321-bozai-m-3xl.jpg
￥230 zhenhui-Nike Dunk Low Retro LV联名 周年高端定制 低帮休闲板鞋,230.00,https://photo.yupoo.com/3125tiger/b9402baa54/small.jpg,images/230-zhenhui-nike-dunk-low-retro-lv.jpg
￥168 66052320 bozai短袖POLO衫，S-XXL,168.00,https://photo.yupoo.com/3125tiger/98ddcccddd/small.jpg,images/168-66052320-bozai-polo-s-xxl.jpg
